[
  {
    "id": 1,
    "address": "0x049d36570d4e46f48e99674bd3fcc84644ddd6b96f7c741b1562b82f9e004dc7",
    "name": "Ethereum",
    "symbol": "ETH",
    "decimals": "18",
    "network": "mainnet-alpha",
    "iconUrl": "https://dv3jj1unlp2jl.cloudfront.net/128/color/eth.png",
    "showAlways": true
  },
  {
    "id": 1,
    "address": "0x049d36570d4e46f48e99674bd3fcc84644ddd6b96f7c741b1562b82f9e004dc7",
    "name": "Ethereum",
    "symbol": "ETH",
    "decimals": "18",
    "network": "goerli-alpha",
    "iconUrl": "https://dv3jj1unlp2jl.cloudfront.net/128/color/eth.png",
    "showAlways": true
  },

  {
    "id": 1,
    "address": "0x049d36570d4e46f48e99674bd3fcc84644ddd6b96f7c741b1562b82f9e004dc7",
    "name": "Ethereum",
    "symbol": "ETH",
    "decimals": "18",
    "network": "sepolia-alpha",
    "iconUrl": "https://dv3jj1unlp2jl.cloudfront.net/128/color/eth.png",
    "showAlways": true
  },
  {
    "id": 1,
    "address": "0x049d36570d4e46f48e99674bd3fcc84644ddd6b96f7c741b1562b82f9e004dc7",
    "name": "Ethereum",
    "symbol": "ETH",
    "decimals": "18",
    "network": "integration",
    "iconUrl": "https://dv3jj1unlp2jl.cloudfront.net/128/color/eth.png",
    "showAlways": true
  },
  {
    "id": 1,
    "address": "0x049d36570d4e46f48e99674bd3fcc84644ddd6b96f7c741b1562b82f9e004dc7",
    "name": "Ethereum",
    "symbol": "ETH",
    "decimals": "18",
    "network": "localhost",
    "iconUrl": "https://dv3jj1unlp2jl.cloudfront.net/128/color/eth.png",
    "showAlways": true
  },
  {
    "id": 2,
    "address": "0x04718f5a0fc34cc1af16a1cdee98ffb20c31f5cd61d6ab07201858f4287c938d",
    "name": "Starknet",
    "symbol": "STRK",
    "decimals": "18",
    "network": "mainnet-alpha",
    "iconUrl": "https://dv3jj1unlp2jl.cloudfront.net/128/color/strk.png",
    "showAlways": true
  },
  {
    "id": 2,
    "address": "0x04718f5a0fc34cc1af16a1cdee98ffb20c31f5cd61d6ab07201858f4287c938d",
    "name": "Starknet",
    "symbol": "STRK",
    "decimals": "18",
    "network": "integration",
    "iconUrl": "https://dv3jj1unlp2jl.cloudfront.net/128/color/strk.png",
    "showAlways": true
  },
  {
    "id": 2,
    "address": "0x04718f5a0fc34cc1af16a1cdee98ffb20c31f5cd61d6ab07201858f4287c938d",
    "name": "Starknet",
    "symbol": "STRK",
    "decimals": "18",
    "network": "goerli-alpha",
    "iconUrl": "https://dv3jj1unlp2jl.cloudfront.net/128/color/strk.png",
    "showAlways": true
  },
  {
    "id": 2,
    "address": "0x04718f5a0fc34cc1af16a1cdee98ffb20c31f5cd61d6ab07201858f4287c938d",
    "name": "Starknet",
    "symbol": "STRK",
    "decimals": "18",
    "network": "sepolia-alpha",
    "iconUrl": "https://dv3jj1unlp2jl.cloudfront.net/128/color/strk.png",
    "showAlways": true
  },
  {
    "id": 2,
    "address": "0x04718f5a0fc34cc1af16a1cdee98ffb20c31f5cd61d6ab07201858f4287c938d",
    "name": "Starknet",
    "symbol": "STRK",
    "decimals": "18",
    "network": "localhost",
    "iconUrl": "https://dv3jj1unlp2jl.cloudfront.net/128/color/strk.png",
    "showAlways": true
  }
]
